Brand,Product Name,Product Code,Color,Notes
Pollack,Bedford,4185/01,cafe,None
Pollack,Mantra,9347/02,slate,None
Pollack,Diamond Turn,2564/01,dune,None
Pollack,True Horizon,6106/01,desert,None
Mariaflora,Camaleonte,62725 Col. 131,Sabbia,Muri – 200K Throw Pillow 5
Jab Anstoetz,Bonsai Reboot,CH2955/071,Martindale,MURI-200A Sofa Fabric
ZAK+FOX,Voyager,ZFVOYWN-01,1,None
ZAK+FOX,Mazan,ZFMZ-03,3,None
Opuzen,Cambric,#3300-3005,Ivory,None
Opuzen,Manu,#4214-4001,Quarry,None
Opuzen,Myro,#9800-2206,Mineral,None
Elitis,Faro,OD 157 15,Pietro - Ramure abstraite,None
Elitis,Panarea – Paolino,OD 153 79,La roche de Basiluzzo,None
Elitis,Panarea – Salina,OD 152 79,Le sable dore de Zimmari,None
InnovationsUSA,Alon,ALO-02,Ebb,None
Marmi Natural Stone,Galala Extra – Limestone,YBI,Sandblasted,YBI TH Flat Bldg. Entry 24x36x1.5 or 2 cm – 24x48x1.5 or 2 cm
Aspen Collection,Aspen,BT-60022,07 Adobe,None
Holly Hunt,Seaside,062/05,Indego,MURI 200N Throw Pillow 3 Contrast Well MURI 201D Throw Pillow
Paterson Flynn,Nima Embroidered Cotton Linen,84060,Indego,MURI 300C Fabric and Bed Throw Pillow
Leather,Rustic,Semi Aniline,Brown,Reach out to Tiger for for an alt – onecf the scratch resistant
